-- --------------------------------------------------------
-- Host:                         127.0.0.1
-- Server version:               10.4.27-MariaDB - mariadb.org binary distribution
-- Server OS:                    Win64
-- HeidiSQL Version:             12.3.0.6589
-- --------------------------------------------------------

/*!40101 SET @OLD_CHARACTER_SET_CLIENT=@@CHARACTER_SET_CLIENT */;
/*!40101 SET NAMES utf8 */;
/*!50503 SET NAMES utf8mb4 */;
/*!40103 SET @OLD_TIME_ZONE=@@TIME_ZONE */;
/*!40103 SET TIME_ZONE='+00:00' */;
/*!40014 SET @OLD_FOREIGN_KEY_CHECKS=@@FOREIGN_KEY_CHECKS, FOREIGN_KEY_CHECKS=0 */;
/*!40101 SET @OLD_SQL_MODE=@@SQL_MODE, SQL_MODE='NO_AUTO_VALUE_ON_ZERO' */;
/*!40111 SET @OLD_SQL_NOTES=@@SQL_NOTES, SQL_NOTES=0 */;


-- Dumping database structure for qlst_mn
CREATE DATABASE IF NOT EXISTS `qlst_mn` /*!40100 DEFAULT CHARACTER SET utf8mb4 COLLATE utf8mb4_unicode_ci */;
USE `qlst_mn`;

-- Dumping structure for table qlst_mn.chuc_vu
CREATE TABLE IF NOT EXISTS `chuc_vu` (
  `MA_CV` varchar(20) CHARACTER SET utf8 COLLATE utf8_general_ci NOT NULL,
  `TEN` varchar(100) CHARACTER SET utf8 COLLATE utf8_general_ci DEFAULT NULL,
  PRIMARY KEY (`MA_CV`)
) ENGINE=InnoDB DEFAULT CHARSET=utf8mb4 COLLATE=utf8mb4_unicode_ci;

-- Dumping data for table qlst_mn.chuc_vu: ~3 rows (approximately)
INSERT INTO `chuc_vu` (`MA_CV`, `TEN`) VALUES
	('CV001', 'Admin'),
	('CV002', 'Người quản lí'),
	('CV003', 'Nhân Viên');

-- Dumping structure for table qlst_mn.chung_loai
CREATE TABLE IF NOT EXISTS `chung_loai` (
  `MA_CL` varchar(20) CHARACTER SET utf8 COLLATE utf8_general_ci NOT NULL,
  `TEN` varchar(100) CHARACTER SET utf8 COLLATE utf8_general_ci DEFAULT NULL,
  PRIMARY KEY (`MA_CL`)
) ENGINE=InnoDB DEFAULT CHARSET=utf8mb4 COLLATE=utf8mb4_unicode_ci;

-- Dumping data for table qlst_mn.chung_loai: ~8 rows (approximately)
INSERT INTO `chung_loai` (`MA_CL`, `TEN`) VALUES
	('001', 'Thịt, Cá, Trứng, Sữa'),
	('002', 'Rau, Củ, Nấm, Trái cây'),
	('003', 'Dầu ăn, Nước chấm, Gia vị'),
	('004', 'Gạo, Bột, Đồ khô'),
	('005', 'Bánh kẹo các loại'),
	('006', 'Vệ sinh nhà cửa'),
	('007', 'Bia nước giải khát'),
	('008', 'Kem thực phẩm đông mát');

-- Dumping structure for table qlst_mn.don_vi
CREATE TABLE IF NOT EXISTS `don_vi` (
  `MA_DVT` varchar(20) CHARACTER SET utf8 COLLATE utf8_general_ci NOT NULL,
  `TEN` varchar(100) CHARACTER SET utf8 COLLATE utf8_general_ci DEFAULT NULL,
  PRIMARY KEY (`MA_DVT`)
) ENGINE=InnoDB DEFAULT CHARSET=utf8mb4 COLLATE=utf8mb4_unicode_ci;

-- Dumping data for table qlst_mn.don_vi: ~7 rows (approximately)
INSERT INTO `don_vi` (`MA_DVT`, `TEN`) VALUES
	('DV001', 'Kg'),
	('DV002', 'Lon'),
	('DV003', 'Bịch'),
	('DV004', 'Cái'),
	('DV005', 'Quả'),
	('DV006', 'Hộp'),
	('DV007', 'Chai');

-- Dumping structure for table qlst_mn.hoa_don
CREATE TABLE IF NOT EXISTS `hoa_don` (
  `MA_HD` varchar(20) CHARACTER SET utf8 COLLATE utf8_general_ci NOT NULL,
  `MA_NV` varchar(20) CHARACTER SET utf8 COLLATE utf8_general_ci DEFAULT NULL,
  `THOI_DIEM_LAP` date DEFAULT NULL,
  `TONG_TIEN_PHAI_TRA` double NOT NULL,
  `MA_KH` varchar(20) CHARACTER SET utf8 COLLATE utf8_general_ci DEFAULT NULL,
  `DIEM_THUONG` int(11) DEFAULT NULL,
  `TRANG_THAI` int(11) DEFAULT NULL,
  PRIMARY KEY (`MA_HD`),
  KEY `MA_NV` (`MA_NV`),
  KEY `MA_KH` (`MA_KH`),
  CONSTRAINT `hoa_don_ibfk_1` FOREIGN KEY (`MA_NV`) REFERENCES `nhan_vien` (`MA_NV`),
  CONSTRAINT `hoa_don_ibfk_2` FOREIGN KEY (`MA_KH`) REFERENCES `khach_hang_tt` (`MA_KH`)
) ENGINE=InnoDB DEFAULT CHARSET=utf8mb4 COLLATE=utf8mb4_unicode_ci;

-- Dumping data for table qlst_mn.hoa_don: ~36 rows (approximately)
INSERT INTO `hoa_don` (`MA_HD`, `MA_NV`, `THOI_DIEM_LAP`, `TONG_TIEN_PHAI_TRA`, `MA_KH`, `DIEM_THUONG`, `TRANG_THAI`) VALUES
	('HD10', 'NV002', '2023-04-23', 305700, '111106', 0, 0),
	('HD11', 'NV001', '2023-04-19', 2500000, '111106', 0, 0),
	('HD12', 'NV002', '2023-04-28', 470000, '111103', 7, 0),
	('HD13', 'NV002', '2023-04-28', 1260000, '111102', 0, 0),
	('HD14', 'NV001', '2023-04-28', 1500000, '111103', 3, 0),
	('HD15', 'NV001', '2023-04-28', 2349000, '111101', 0, 0),
	('HD16', 'NV001', '2023-04-29', 795600, '111101', 10, 1),
	('HD17', 'NV001', '2023-04-30', 3318000, '111103', 0, 1),
	('HD18', 'NV001', '2023-05-01', 853500, '111104', 0, 1),
	('HD19', 'NV001', '2023-05-02', 424000, '111101', 0, 1),
	('HD20', 'NV001', '2023-05-02', 1390000, '111102', 0, 1),
	('HD21', 'NV001', '2023-05-02', 1653000, '111103', 0, 1),
	('HD22', 'NV001', '2023-05-03', 1260000, '111104', 0, 1),
	('HD23', 'NV001', '2023-05-03', 360000, '111104', 0, 1),
	('HD24', 'NV001', '2023-05-03', 90000, '111106', 0, 1),
	('HD25', 'NV001', '2023-05-04', 824000, '111101', 0, 1),
	('HD26', 'NV001', '2023-05-04', 26000, '111101', 0, 1),
	('HD27', 'NV001', '2023-05-04', 154000, '111102', 0, 1),
	('HD28', 'NV001', '2023-05-05', 0, '111103', 8, 1),
	('HD29', 'NV001', '2023-05-05', 2500, '111103', 0, 1),
	('HD3', 'NV002', '2023-04-23', 136000, '111101', 15, 1),
	('HD30', 'NV001', '2023-05-05', 1250, '111103', 0, 1),
	('HD31', 'NV001', '2023-05-05', 2500000, '111102', 0, 1),
	('HD32', 'NV001', '2023-05-06', 90000, '111101', 0, 1),
	('HD33', 'NV001', '2023-05-12', 12500000, '111101', 0, 1),
	('HD34', 'NV001', '2023-05-13', 297000, '111102', 0, 1),
	('HD35', 'NV001', '2023-05-14', 75000, '111101', 0, 1),
	('HD36', 'NV001', '2023-05-14', 4750000, '111102', 0, 1),
	('HD37', 'NV001', '2023-05-14', 2250000, '111103', 0, 1),
	('HD38', 'NV001', '2023-05-14', 360000, '111103', 0, 1),
	('HD39', 'NV001', '2023-05-14', 2125000, '111101', 0, 1),
	('HD40', 'NV001', '2023-05-14', 540000, '111102', 0, 1),
	('HD41', 'NV001', '2023-05-14', 360000, '111101', 0, 1),
	('HD42', 'NV001', '2023-05-14', 90000, '111102', 0, 1),
	('HD43', 'NV001', '2023-05-14', 12848600, '111101', 15, 1),
	('HD44', 'NV001', '2023-05-14', 2250000, '111101', 10, 1),
	('HD45', 'NV001', '2023-05-15', 9000000, '111103', 10, 1),
	('HD46', 'NV001', '2023-05-15', -1672600, '111103', 10, 1),
	('HD47', 'NV001', '2023-05-15', 7500000, '111101', 0, 1),
	('HD48', 'NV001', '2023-05-15', 25000000, '111101', 0, 1),
	('HD49', 'NV001', '2023-05-15', 7500000, '111101', 0, 1),
	('HD5', 'NV002', '2023-04-23', 266000, '111102', 4, 1),
	('HD50', 'NV001', '2023-05-15', 17500000, '111101', 0, 1),
	('HD51', 'NV001', '2023-05-15', 2250000, '111102', 10, 1),
	('HD6', 'NV002', '2023-04-23', 240000, '111103', 1, 1),
	('HD7', 'NV002', '2023-04-23', 508000, '111102', 2, 1),
	('HD8', 'NV002', '2023-04-23', 1240000, '111101', 1, 1),
	('HD9', 'NV002', '2023-04-23', 103400, '111101', 6, 1);

-- Dumping structure for table qlst_mn.hoa_don_chi_tiet
CREATE TABLE IF NOT EXISTS `hoa_don_chi_tiet` (
  `MA_HD` varchar(20) CHARACTER SET utf8 COLLATE utf8_general_ci NOT NULL,
  `MA_MH` varchar(20) CHARACTER SET utf8 COLLATE utf8_general_ci NOT NULL,
  `SO_LUONG` int(11) DEFAULT NULL,
  `DON_GIA` double DEFAULT NULL,
  `THANH_TIEN` double DEFAULT NULL,
  PRIMARY KEY (`MA_HD`,`MA_MH`),
  KEY `MA_MH` (`MA_MH`),
  CONSTRAINT `hoa_don_chi_tiet_ibfk_1` FOREIGN KEY (`MA_HD`) REFERENCES `hoa_don` (`MA_HD`),
  CONSTRAINT `hoa_don_chi_tiet_ibfk_2` FOREIGN KEY (`MA_MH`) REFERENCES `mat_hang` (`MA_MH`)
) ENGINE=InnoDB DEFAULT CHARSET=utf8mb4 COLLATE=utf8mb4_unicode_ci;

-- Dumping data for table qlst_mn.hoa_don_chi_tiet: ~73 rows (approximately)
INSERT INTO `hoa_don_chi_tiet` (`MA_HD`, `MA_MH`, `SO_LUONG`, `DON_GIA`, `THANH_TIEN`) VALUES
	('HD10', '0011', 1, 250000, 250000),
	('HD10', '0020', 1, 13000, 13000),
	('HD10', '0024', 1, 12700, 12700),
	('HD10', '0025', 1, 33000, 33000),
	('HD10', '0026', 1, 30000, 30000),
	('HD12', '0012', 6, 90000, 540000),
	('HD13', '0012', 14, 90000, 1260000),
	('HD14', '0012', 17, 90000, 1530000),
	('HD15', '0014', 27, 87000, 2349000),
	('HD16', '0030', 1, 27000, 27000),
	('HD16', '0041', 1, 91000, 91000),
	('HD16', '00410', 1, 110000, 110000),
	('HD16', '0043', 1, 15000, 15000),
	('HD16', '0046', 1, 110000, 110000),
	('HD16', '0051', 1, 23000, 23000),
	('HD16', '0055', 2, 24800, 49600),
	('HD16', '0071', 5, 10000, 50000),
	('HD16', '0072', 1, 10000, 10000),
	('HD16', '0075', 1, 10000, 10000),
	('HD16', '0081', 4, 11500, 46000),
	('HD16', '0083', 6, 59000, 354000),
	('HD17', '0013', 11, 278000, 3058000),
	('HD17', '0018', 10, 26000, 260000),
	('HD18', '0015', 5, 24000, 120000),
	('HD18', '0028', 6, 60000, 360000),
	('HD18', '0037', 5, 59500, 297500),
	('HD18', '0053', 4, 19000, 76000),
	('HD19', '0013', 1, 278000, 278000),
	('HD19', '0014', 1, 87000, 87000),
	('HD19', '0050', 1, 21000, 21000),
	('HD19', '0064', 1, 38000, 38000),
	('HD20', '0013', 5, 278000, 1390000),
	('HD21', '0014', 19, 87000, 1653000),
	('HD22', '0012', 14, 90000, 1260000),
	('HD23', '0012', 4, 90000, 360000),
	('HD24', '0012', 1, 90000, 90000),
	('HD25', '0012', 9, 90000, 810000),
	('HD25', '0021', 1, 14000, 14000),
	('HD26', '0018', 1, 26000, 26000),
	('HD27', '0017', 7, 22000, 154000),
	('HD28', '0011', 2, 250, 500),
	('HD29', '0011', 10, 250, 2500),
	('HD3', '0011', 1, 250000, 250000),
	('HD3', '0017', 1, 22000, 22000),
	('HD3', '0021', 1, 14000, 14000),
	('HD30', '0011', 5, 250, 1250),
	('HD31', '0011', 1, 2500000, 2500000),
	('HD32', '0012', 1, 90000, 90000),
	('HD33', '0011', 5, 2500000, 12500000),
	('HD34', '0015', 1, 24000, 24000),
	('HD34', '0018', 10, 26000, 260000),
	('HD34', '0020', 1, 13000, 13000),
	('HD35', '0016', 1, 75000, 75000),
	('HD36', '0011', 1, 2500000, 2500000),
	('HD37', '0011', 1, 2500000, 2500000),
	('HD38', '0012', 1, 90000, 90000),
	('HD39', '0011', 1, 2500000, 2500000),
	('HD40', '0012', 1, 90000, 90000),
	('HD41', '0012', 1, 90000, 90000),
	('HD42', '0012', 1, 90000, 90000),
	('HD43', '0011', 6, 2500000, 15000000),
	('HD43', '0017', 4, 22000, 88000),
	('HD43', '0022', 1, 14000, 14000),
	('HD43', '0023', 1, 14000, 14000),
	('HD44', '0011', 1, 2500000, 2500000),
	('HD45', '0011', 4, 2500000, 10000000),
	('HD46', '0014', 1, 87000, 87000),
	('HD47', '0011', 3, 2500000, 7500000),
	('HD48', '0011', 10, 2500000, 25000000),
	('HD49', '0011', 3, 2500000, 7500000),
	('HD5', '0012', 1, 90000, 90000),
	('HD5', '0020', 1, 13000, 13000),
	('HD5', '0026', 1, 30000, 30000),
	('HD50', '0011', 7, 2500000, 17500000),
	('HD51', '0011', 1, 2500000, 2500000),
	('HD6', '0011', 1, 250000, 250000),
	('HD7', '0011', 1, 250000, 250000),
	('HD7', '0013', 1, 278000, 278000),
	('HD8', '0011', 5, 250000, 1250000),
	('HD9', '0014', 1, 87000, 87000),
	('HD9', '0015', 1, 24000, 24000),
	('HD9', '0020', 1, 13000, 13000),
	('HD9', '0023', 1, 14000, 14000),
	('HD9', '0024', 2, 12700, 25400);

-- Dumping structure for table qlst_mn.khach_hang_tt
CREATE TABLE IF NOT EXISTS `khach_hang_tt` (
  `MA_KH` varchar(20) CHARACTER SET utf8 COLLATE utf8_general_ci NOT NULL,
  `HO_TEN` varchar(100) CHARACTER SET utf8 COLLATE utf8_general_ci DEFAULT NULL,
  `DIA_CHI` varchar(100) CHARACTER SET utf8 COLLATE utf8_general_ci DEFAULT NULL,
  `NGAY_CAP_THE` date DEFAULT NULL,
  `NGAY_MUA_GAN_NHAT` date DEFAULT NULL,
  `DIEM_THUONG` int(11) DEFAULT NULL,
  PRIMARY KEY (`MA_KH`)
) ENGINE=InnoDB DEFAULT CHARSET=utf8mb4 COLLATE=utf8mb4_unicode_ci;

-- Dumping data for table qlst_mn.khach_hang_tt: ~15 rows (approximately)
INSERT INTO `khach_hang_tt` (`MA_KH`, `HO_TEN`, `DIA_CHI`, `NGAY_CAP_THE`, `NGAY_MUA_GAN_NHAT`, `DIEM_THUONG`) VALUES
	('111101', 'Nguyễn Hoài Anh', 'Q.10,Tp HCM', '2022-08-17', '2023-05-15', 189),
	('111102', 'Trần Trà Hương', 'Q.1, Tp HCM', '2021-05-16', '2023-05-15', 70),
	('111103', 'Nguyễn Ngọc Ánh', 'Q.5, Tp HCM', '2023-01-01', '2023-05-15', 66),
	('111104', 'Trương Nam Sơn', 'Thủ Đức, Tp HCM', '2023-03-19', '2023-11-29', 93),
	('111105', 'Lý Hoàng Hà', 'Q.5, Tp HCM', '2022-12-25', '2023-01-08', 120),
	('111106', 'Trần Bạch Tuyết', 'Q.5, Tp HCM', '2022-06-08', '2023-03-10', 203),
	('111107', 'Nguyễn An Trung', 'Q.4, Tp HCM', '2023-01-12', '2023-06-07', 42),
	('111108', 'Trần Trung Hiếu', 'Q.3, Tp HCM', '2022-04-30', '2023-02-04', 100),
	('111109', 'Trần Hoàng Nam', 'Q.2, Tp HCM', '2022-02-06', '2023-04-25', 200),
	('111110', 'Phạm Nam Thanh', 'Q.6, Tp HCM', '2021-10-26', '2023-06-12', 800),
	('111112', 'Phan Xuân Dương', 'Thủ Đức, TP HCM', '2023-05-03', '2023-05-03', 0),
	('111113', 'Nguyễn Văn A', 'Phú Yên', '2023-05-04', '2023-05-04', 0),
	('111114', 'Trần Văn B', 'Bình Đinh', '2023-05-04', '2023-05-04', 0),
	('111116', '', '', '2023-05-12', '2023-05-12', 0),
	('111117', 'fsdf', 'dfsd', '2023-05-15', '2023-05-15', 0);

-- Dumping structure for table qlst_mn.khuyen_mai
CREATE TABLE IF NOT EXISTS `khuyen_mai` (
  `TEN` varchar(200) NOT NULL,
  `GIA_TRI` int(11) DEFAULT NULL,
  PRIMARY KEY (`TEN`)
) ENGINE=InnoDB DEFAULT CHARSET=utf8mb4 COLLATE=utf8mb4_unicode_ci;

-- Dumping data for table qlst_mn.khuyen_mai: ~3 rows (approximately)
INSERT INTO `khuyen_mai` (`TEN`, `GIA_TRI`) VALUES
	('default', 0),
	('Giảm 10% cho đơn từ 1.000.000đ', 10),
	('Giảm 15% cho đơn từ 2.000.000đ', 15);

-- Dumping structure for table qlst_mn.loai_hang
CREATE TABLE IF NOT EXISTS `loai_hang` (
  `MA_LH` varchar(20) CHARACTER SET utf8 COLLATE utf8_general_ci NOT NULL,
  `TEN` varchar(100) CHARACTER SET utf8 COLLATE utf8_general_ci DEFAULT NULL,
  `MA_CL` varchar(20) CHARACTER SET utf8 COLLATE utf8_general_ci DEFAULT NULL,
  PRIMARY KEY (`MA_LH`),
  KEY `MA_CL` (`MA_CL`),
  CONSTRAINT `loai_hang_ibfk_1` FOREIGN KEY (`MA_CL`) REFERENCES `chung_loai` (`MA_CL`)
) ENGINE=InnoDB DEFAULT CHARSET=utf8mb4 COLLATE=utf8mb4_unicode_ci;

-- Dumping data for table qlst_mn.loai_hang: ~51 rows (approximately)
INSERT INTO `loai_hang` (`MA_LH`, `TEN`, `MA_CL`) VALUES
	('LH0011', 'Thịt các loại', '001'),
	('LH0012', 'Cá và hải sản', '001'),
	('LH0013', 'Trứng gà, vịt, cút', '001'),
	('LH0021', 'Rau củ nấm các loại', '002'),
	('LH0022', 'Trái cây', '002'),
	('LH0023', 'Rau củ sơ chế', '002'),
	('LH0031', 'Dầu ăn', '003'),
	('LH0032', 'Đường', '003'),
	('LH0033', 'Hạt nêm, bột ngọt, bột canh', '003'),
	('LH0034', 'Muối', '003'),
	('LH0035', 'Nước mắm', '003'),
	('LH0036', 'Nước tương', '003'),
	('LH0037', 'Tương ớt', '003'),
	('LH0038', 'Dầu hào, giấm, bơ', '003'),
	('LH0039', 'Tiêu, sa tế, ớt bột', '003'),
	('LH0041', 'Gạo các loại', '004'),
	('LH0042', 'Bột các loại', '004'),
	('LH0043', 'Xúc xích lạp xưởng', '004'),
	('LH0044', 'Đồ chay các loại', '004'),
	('LH0045', 'Đồ hộp các loại', '004'),
	('LH0046', 'Rong biển, bánh tráng, đậu', '004'),
	('LH0051', 'Singum, kẹo các loại', '005'),
	('LH0052', 'Bánh quy, bánh xốp', '005'),
	('LH0053', 'Bánh snack, rong biển', '005'),
	('LH0054', 'Bánh mềm, bánh tươi', '005'),
	('LH0055', 'Trái cây sấy, hạt khô', '005'),
	('LH0056', 'Socola', '005'),
	('LH0061', 'Bột giặt, nước giặt', '006'),
	('LH0062', 'Nước xả, tẩy quần áo', '006'),
	('LH0063', 'Nước rửa chén', '006'),
	('LH0064', 'Tẩy rửa chén', '006'),
	('LH0065', 'Tẩy rửa nhà tắm', '006'),
	('LH0066', 'Nước lau kính, lau bếp', '006'),
	('LH0067', 'Nước lau sàn', '006'),
	('LH0068', 'Xịt phòng, sáp thơm', '006'),
	('LH0071', 'Bia có cồn', '007'),
	('LH0072', 'Rượu ', '007'),
	('LH0073', 'Nước ngọt', '007'),
	('LH0074', 'Nước tăng lực, bù khoáng', '007'),
	('LH0075', 'Nước trái cây, nước trà', '007'),
	('LH0076', 'Nước suối', '007'),
	('LH0077', 'Mật ong, bột nghệ', '007'),
	('LH0078', 'Nước yến, ngũ cốc', '007'),
	('LH0081', 'Kem cây kem hộp', '008'),
	('LH0082', 'Bánh bông, bánh tươi ', '008'),
	('LH0083', 'Xúc xich lạp xưởng,chả lụa', '008'),
	('LH0084', 'Chả giò, cá - bò viên', '008'),
	('LH0085', 'Hải cảo, sủi cảo , bò viên', '008'),
	('LH0086', 'Thịt cá rau đông lạnh', '008'),
	('LH0087', 'Sữa chua, phô mai', '008'),
	('LH0088', 'Bánh flan', '008');

-- Dumping structure for table qlst_mn.mat_hang
CREATE TABLE IF NOT EXISTS `mat_hang` (
  `MA_MH` varchar(20) CHARACTER SET utf8 COLLATE utf8_general_ci NOT NULL,
  `TEN` varchar(100) CHARACTER SET utf8 COLLATE utf8_general_ci DEFAULT NULL,
  `GIAMUA` double NOT NULL,
  `GIABAN` double NOT NULL,
  `NGAY_SX` date NOT NULL,
  `HAN_SU_DUNG` date NOT NULL,
  `SL_NHAP` int(11) DEFAULT NULL,
  `SL_BAN` int(11) DEFAULT NULL,
  `NGAY_NHAP` date NOT NULL,
  `VAT` int(11) DEFAULT NULL,
  `MA_LH` varchar(20) CHARACTER SET utf8 COLLATE utf8_general_ci DEFAULT NULL,
  `MA_DVT` varchar(20) CHARACTER SET utf8 COLLATE utf8_general_ci DEFAULT NULL,
  `img` varchar(255) DEFAULT NULL,
  PRIMARY KEY (`MA_MH`),
  KEY `MA_LH` (`MA_LH`),
  KEY `MA_DVT` (`MA_DVT`),
  CONSTRAINT `mat_hang_ibfk_1` FOREIGN KEY (`MA_LH`) REFERENCES `loai_hang` (`MA_LH`),
  CONSTRAINT `mat_hang_ibfk_2` FOREIGN KEY (`MA_DVT`) REFERENCES `don_vi` (`MA_DVT`)
) ENGINE=InnoDB DEFAULT CHARSET=utf8mb4 COLLATE=utf8mb4_unicode_ci;

-- Dumping data for table qlst_mn.mat_hang: ~72 rows (approximately)
INSERT INTO `mat_hang` (`MA_MH`, `TEN`, `GIAMUA`, `GIABAN`, `NGAY_SX`, `HAN_SU_DUNG`, `SL_NHAP`, `SL_BAN`, `NGAY_NHAP`, `VAT`, `MA_LH`, `MA_DVT`, `img`) VALUES
	('0011', 'Thịt Bò Loại 1', 2000000, 2500000, '2023-03-19', '2023-04-19', 400, 141, '2023-03-19', 6, 'LH0011', 'DV001', 'thitboloai1.jpg'),
	('0012', 'Tôm càng xanh 500g', 80000, 90000, '2023-03-10', '2025-03-15', 513, 105, '2023-03-20', 6, 'LH0012', 'DV001', 'tomcangxanh.jpg'),
	('0013', 'Cua gạch 1 con 230g', 250000, 278000, '2023-03-15', '2025-03-15', 800, 440, '2023-03-20', 6, 'LH0012', 'DV001', 'cuagach.jpg'),
	('0014', 'Trứng gà happy egg hộp 30 quả', 80000, 87000, '2023-03-16', '2025-03-16', 670, 501, '2023-03-20', 6, 'LH0013', 'DV006', 'trungga.jpg'),
	('0015', 'Trứng vịt muối hộp 4 quả', 20000, 24000, '2023-03-17', '2025-03-17', 101, 61, '2023-04-22', 6, 'LH0013', 'DV006', 'trungvitmuoi.jpg'),
	('0016', 'Lẩu Thái Mama 400g', 70000, 75000, '2023-03-16', '2025-03-16', 301, 101, '2023-03-20', 6, 'LH0033', 'DV003', 'lauthai.jpg'),
	('0017', 'Cơm chiên cá mặn', 20000, 22000, '2023-04-22', '2025-03-16', 401, 104, '2023-03-20', 6, 'LH0045', 'DV006', 'comchiencaman.jpg'),
	('0018', 'Phô mai que Ngô Doanh 250g', 20000, 26000, '2023-03-17', '2025-03-17', 550, 110, '2023-03-20', 6, 'LH0043', 'DV003', 'phomaique.jpg'),
	('0020', 'Xoài', 12300, 13000, '2023-03-20', '2023-03-28', 50, 21, '2023-03-20', 6, 'LH0022', 'DV001', 'xoai.jpg'),
	('0021', 'Rau muống', 9900, 14000, '2023-03-10', '2023-03-13', 20, 10, '2023-03-11', 0, 'LH0023', 'DV001', 'raumuong.jpg'),
	('0022', 'Rau cải thìa', 10000, 14000, '2023-03-15', '2023-03-18', 30, 11, '2023-03-11', 6, 'LH0023', 'DV001', 'raucaithia.jpg'),
	('0023', 'Rau mồng tơi', 10000, 14000, '2023-03-16', '2023-03-18', 60, 6, '2023-03-11', 6, 'LH0023', 'DV001', 'raumongtoi.png'),
	('0024', 'Bầu', 11500, 12700, '2023-03-17', '2023-03-19', 20, 3, '2023-03-11', 6, 'LH0021', 'DV001', 'bau.jpg'),
	('0025', 'Nấm hương', 30000, 33000, '2023-03-16', '2023-03-20', 10, 1, '2023-03-11', 6, 'LH0021', 'DV001', 'namhuong.jpg'),
	('0026', 'Nấm rơm', 28500, 30000, '2023-03-16', '2023-03-19', 15, 10, '2023-03-11', 6, 'LH0021', 'DV001', 'namrom.jpg'),
	('0027', 'Táo', 71000, 80000, '2023-03-17', '2023-03-19', 50, 40, '2023-03-11', 6, 'LH0022', 'DV001', 'tao.jpg'),
	('0028', 'Lê', 56000, 60000, '2023-03-18', '2023-03-28', 50, 20, '2023-03-11', 6, 'LH0022', 'DV001', 'le.jpg'),
	('0029', 'Ổi', 21000, 25000, '2023-03-18', '2023-03-28', 50, 30, '2023-03-11', 6, 'LH0022', 'DV001', 'oi.jpg'),
	('0030', 'Nước chấm mè', 24600, 27000, '2023-03-20', '2025-03-20', 50, 20, '2023-03-22', 6, 'LH0035', 'DV007', 'nuochamme.jpg'),
	('0031', 'Đường tinh luyện', 28000, 30000, '2023-03-19', '2024-03-19', 40, 20, '2023-03-20', 6, 'LH0032', 'DV003', 'duongtinhluyen.jpg'),
	('0032', 'Đường mía', 14900, 16000, '2023-03-15', '2025-03-15', 20, 10, '2023-03-20', 6, 'LH0032', 'DV003', 'duongvang.jpeg'),
	('0033', 'Muối tiêu', 16900, 18000, '2023-03-16', '2024-03-16', 20, 5, '2023-03-19', 6, 'LH0034', 'DV003', 'muoitieuchanh.jpg'),
	('0034', 'Muối i-ốt', 6900, 7500, '2023-03-17', '2024-03-17', 40, 30, '2023-03-20', 6, 'LH0034', 'DV003', 'muoiiot.jpg'),
	('0035', 'Dầu ăn thực vật', 53000, 60000, '2023-03-16', '2025-03-16', 80, 60, '2023-03-19', 6, 'LH0038', 'DV007', 'dauthucvat.jpg'),
	('0036', 'Dầu đậu nành', 68400, 70000, '2023-03-16', '2025-03-16', 100, 70, '2023-03-20', 6, 'LH0038', 'DV007', 'daudaunanh.jpg'),
	('0037', 'Nước mắm cá cơm', 56500, 59500, '2023-03-17', '2024-03-17', 60, 10, '2023-03-20', 6, 'LH0035', 'DV007', 'daudaunanh.jpg'),
	('0038', 'Mắm ruốc', 13000, 15000, '2023-03-18', '2024-03-18', 40, 20, '2023-03-19', 6, 'LH0035', 'DV007', 'daudaunanh.jpg'),
	('0039', 'Muối chanh ớt xanh', 21000, 25000, '2023-03-18', '2024-03-18', 50, 30, '2023-03-21', 6, 'LH0034', 'DV006', 'daudaunanh.jpg'),
	('0041', 'Gạo hương lài', 86500, 91000, '2023-03-19', '2024-03-19', 50, 40, '2023-03-20', 6, 'LH0041', 'DV001', 'daudaunanh.jpg'),
	('00410', 'Yến mạch nguyên chất', 99000, 110000, '2023-03-20', '2024-03-20', 30, 20, '2023-03-22', 6, 'LH0042', 'DV001', 'daudaunanh.jpg'),
	('00411', 'siêu cấp thịt ba rọi', 1000000, 1500000, '2023-05-01', '2023-05-27', 200, 0, '2023-05-14', 1, 'LH0011', 'DV001', ''),
	('00412', 'fdff', 3232, 3232, '2023-05-15', '2023-05-15', 433, 0, '2023-05-15', 434, 'LH0011', 'DV003', ''),
	('0042', 'Gạo tấm thơm', 112500, 120000, '2023-03-15', '2025-03-15', 50, 20, '2023-03-20', 6, 'LH0041', 'DV001', 'daudaunanh.jpg'),
	('0043', 'Bột mì đa dụng', 11900, 15000, '2023-03-16', '2024-03-16', 30, 15, '2023-03-19', 6, 'LH0042', 'DV001', 'daudaunanh.jpg'),
	('0044', 'Bột tẩm khô chiên giòn', 11000, 12900, '2023-03-17', '2024-03-17', 30, 10, '2023-03-20', 6, 'LH0042', 'DV001', 'daudaunanh.jpg'),
	('0045', 'Xúc xích tiệt trùng', 9000, 11000, '2023-03-16', '2025-03-16', 60, 40, '2023-03-19', 6, 'LH0043', 'DV003', 'daudaunanh.jpg'),
	('0046', 'Lạp xưởng', 10700, 110000, '2023-03-16', '2025-03-16', 30, 10, '2023-03-20', 6, 'LH0043', 'DV003', 'daudaunanh.jpg'),
	('0047', 'Cá ngừ hộp xốt cà chua', 56500, 59500, '2023-03-17', '2024-03-17', 50, 12, '2023-03-20', 6, 'LH0045', 'DV006', 'daudaunanh.jpg'),
	('0048', 'Thịt hộp áp chảo', 13000, 15000, '2023-03-18', '2024-03-18', 50, 20, '2023-03-19', 6, 'LH0045', 'DV006', 'daudaunanh.jpg'),
	('0049', 'Bánh tráng cuốn', 18700, 22000, '2023-03-18', '2024-03-18', 40, 30, '2023-03-21', 6, 'LH0046', 'DV003', 'daudaunanh.jpg'),
	('0050', 'Kẹo the vị chanh muối Play More hũ 22g', 17000, 21000, '2023-03-18', '2023-11-19', 50, 10, '2023-03-21', 3, 'LH0051', 'DV006', 'daudaunanh.jpg'),
	('0051', 'Bánh gạo nướng vị tự nhiên Orion An gói 151.2g', 20000, 23000, '2023-03-18', '2023-09-19', 60, 11, '2023-03-21', 3, 'LH0052', 'DV003', 'daudaunanh.jpg'),
	('0052', 'Snack khoai tây vị tảo biển Nori Lays gói 52g', 9600, 11600, '2023-03-18', '2023-07-19', 60, 22, '2023-03-21', 3, 'LH0053', 'DV003', 'daudaunanh.jpg'),
	('0053', 'Bánh trứng tươi chà bông vị BBQ Kisshu gói 96g', 15500, 19000, '2023-03-18', '2023-05-19', 60, 14, '2023-03-21', 3, 'LH0054', 'DV003', 'daudaunanh.jpg'),
	('0054', 'Đậu hà lan wasabi Tân Tân hũ 190g', 36500, 39000, '2023-03-18', '2023-08-19', 60, 6, '2023-03-21', 3, 'LH0046', 'DV006', 'daudaunanh.jpg'),
	('0055', 'Bánh Oreo Cadbury socola hộp 180g', 20800, 24800, '2023-03-18', '2023-08-19', 60, 33, '2023-03-21', 3, 'LH0052', 'DV003', 'daudaunanh.jpg'),
	('0061', 'Nước giặt Lix Matic hương nước hoa can 3.46 lít', 90000, 105000, '2023-03-18', '2024-03-19', 150, 14, '2023-03-21', 8, 'LH0061', 'DV003', 'daudaunanh.jpg'),
	('0062', 'Nước xả vải Downy hương nước hoa đam mê túi 3 lít', 140000, 169000, '2023-03-18', '2024-03-19', 200, 35, '2023-03-21', 8, 'LH0062', 'DV003', 'daudaunanh.jpg'),
	('0063', 'Nước rửa chén Sunlight thiên nhiên muối khoáng và lô hội an toàn cho chén dĩa trẻ em túi 2 lít', 45000, 60000, '2023-03-18', '2025-03-19', 200, 61, '2023-03-21', 8, 'LH0063', 'DV003', 'daudaunanh.jpg'),
	('0064', 'Nước gel tẩy bồn cầu VIM xanh biển diệt khuẩn hương dịu nhẹ chai 880ml', 30000, 38000, '2023-03-18', '2024-03-19', 220, 67, '2023-03-21', 8, 'LH0065', 'DV007', 'daudaunanh.jpg'),
	('0065', 'Nước lau kính Gift sắc biển tươi mát chai 800ml', 23000, 27500, '2023-03-18', '2024-03-19', 110, 4, '2023-03-21', 8, 'LH0066', 'DV007', 'daudaunanh.jpg'),
	('0066', 'Nước lau sàn POWER100 hương chanh sả can 3.84 lít', 47500, 55000, '2023-03-18', '2024-03-19', 100, 30, '2023-03-21', 8, 'LH0067', 'DV007', 'daudaunanh.jpg'),
	('0067', 'Sáp thơm Glade Hương hoa oải hương 180g', 45000, 48000, '2023-03-18', '2024-03-19', 70, 22, '2023-03-21', 8, 'LH0068', 'DV006', 'daudaunanh.jpg'),
	('0068', 'Bình xịt muỗi Raid hương lavender 600ml', 60000, 63000, '2023-03-18', '2024-03-19', 80, 32, '2023-03-21', 8, 'LH0068', 'DV007', 'daudaunanh.jpg'),
	('0069', 'Lốc 3 cuộn túi rác đen tự huỷ sinh học Bách Hóa XANH 64x78cm (1kg)', 50000, 56000, '2023-04-22', '2024-04-22', 80, 32, '2023-03-21', 5, 'LH0068', 'DV003', 'daudaunanh.jpg'),
	('0070', '7Up', 8000, 10000, '2023-03-20', '2025-03-20', 400, 200, '2023-03-20', 6, 'LH0073', 'DV002', 'daudaunanh.jpg'),
	('0071', 'CocaCola Light', 8000, 10000, '2023-03-10', '2025-03-15', 500, 100, '2023-03-20', 6, 'LH0073', 'DV002', 'daudaunanh.jpg'),
	('0072', 'CocaCola', 8000, 10000, '2023-03-15', '2025-03-15', 800, 440, '2023-03-20', 6, 'LH0073', 'DV002', 'daudaunanh.jpg'),
	('0073', 'Cà Phê Đen Birdy', 10000, 15000, '2023-03-16', '2025-03-16', 670, 500, '2023-03-20', 6, 'LH0078', 'DV002', 'daudaunanh.jpg'),
	('0074', 'Nước Uống Đóng Chai Aquafina', 5000, 6000, '2023-03-17', '2025-03-17', 100, 60, '2023-03-19', 6, 'LH0076', 'DV007', 'daudaunanh.jpg'),
	('0075', 'Bia Heneiken', 8000, 10000, '2023-03-16', '2025-03-16', 300, 100, '2023-03-20', 6, 'LH0071', 'DV002', 'daudaunanh.jpg'),
	('0076', 'Bia 333', 10000, 12000, '2022-03-16', '2025-03-16', 400, 100, '2023-03-20', 6, 'LH0071', 'DV002', 'daudaunanh.jpg'),
	('0077', 'Nước trái cây Nutri Boost', 8000, 12000, '2023-03-17', '2025-03-17', 550, 100, '2023-03-20', 6, 'LH0075', 'DV007', 'daudaunanh.jpg'),
	('0078', 'Pepsi', 8000, 12000, '2023-03-18', '2025-03-18', 450, 220, '2023-03-20', 6, 'LH0073', 'DV002', 'daudaunanh.jpg'),
	('0079', 'Fanta', 8000, 10000, '2023-03-18', '2025-03-18', 300, 130, '2023-03-20', 6, 'LH0073', 'DV002', 'daudaunanh.jpg'),
	('0081', 'Kem que Topten Socola Wall 55g ', 9000, 11500, '2023-03-19', '2023-09-20', 700, 323, '2023-03-21', 6, 'LH0081', 'DV004', 'daudaunanh.jpg'),
	('0082', 'Kem chuối Merino truyền thống cây 85g ', 10000, 12500, '2023-03-18', '2023-09-20', 700, 234, '2023-03-21', 6, 'LH0081', 'DV004', 'daudaunanh.jpg'),
	('0083', 'Kem cầu vòng Iberri hộp 500ml ', 50000, 59000, '2023-03-18', '2024-03-19', 350, 123, '2023-03-21', 6, 'LH0081', 'DV006', 'daudaunanh.jpg'),
	('0084', 'Kem socola hạnh nhân vani King Grand cây 60g ', 11000, 15000, '2023-03-18', '2023-07-19', 400, 132, '2023-03-21', 6, 'LH0081', 'DV004', 'daudaunanh.jpg'),
	('0085', 'Kem ốc quế socola dâu Cornetto cây 66g ', 16500, 19000, '2023-03-18', '2024-01-19', 300, 78, '2023-03-21', 6, 'LH0081', 'DV004', 'daudaunanh.jpg'),
	('0086', 'Kem ốc quế socola dâu Cornetto cây 66g ', 16500, 19000, '2023-03-18', '2024-01-19', 300, 78, '2023-03-21', 6, 'LH0081', 'DV004', 'daudaunanh.jpg'),
	('0087', 'Kem ốc quế socola dâu Cornetto cây 66g ', 16500, 19000, '2023-03-18', '2024-01-19', 300, 78, '2023-03-21', 6, 'LH0081', 'DV004', 'daudaunanh.jpg'),
	('0088', 'Kem ốc quế socola dâu Cornetto cây 66g ', 16500, 19000, '2023-03-18', '2024-01-19', 300, 78, '2023-03-21', 6, 'LH0081', 'DV004', 'daudaunanh.jpg');

-- Dumping structure for table qlst_mn.nhan_vien
CREATE TABLE IF NOT EXISTS `nhan_vien` (
  `MA_NV` varchar(20) CHARACTER SET utf8 COLLATE utf8_general_ci NOT NULL,
  `HO_TEN` varchar(100) CHARACTER SET utf8 COLLATE utf8_general_ci DEFAULT NULL,
  `NGAY_SINH` date DEFAULT NULL,
  `PHAI` varchar(20) CHARACTER SET utf8 COLLATE utf8_general_ci DEFAULT NULL CHECK (`PHAI` = 'NAM' or `PHAI` = 'NU'),
  `CMND` varchar(50) CHARACTER SET utf8 COLLATE utf8_general_ci DEFAULT NULL,
  `DIACHI` varchar(100) CHARACTER SET utf8 COLLATE utf8_general_ci DEFAULT NULL,
  `DIENTHOAI` varchar(50) CHARACTER SET utf8 COLLATE utf8_general_ci DEFAULT NULL,
  `NGAY_VAO_LAM` date DEFAULT NULL,
  `MA_CV` varchar(20) CHARACTER SET utf8 COLLATE utf8_general_ci DEFAULT NULL,
  PRIMARY KEY (`MA_NV`),
  KEY `MA_CV` (`MA_CV`),
  CONSTRAINT `nhan_vien_ibfk_1` FOREIGN KEY (`MA_CV`) REFERENCES `chuc_vu` (`MA_CV`)
) ENGINE=InnoDB DEFAULT CHARSET=utf8mb4 COLLATE=utf8mb4_unicode_ci;

-- Dumping data for table qlst_mn.nhan_vien: ~10 rows (approximately)
INSERT INTO `nhan_vien` (`MA_NV`, `HO_TEN`, `NGAY_SINH`, `PHAI`, `CMND`, `DIACHI`, `DIENTHOAI`, `NGAY_VAO_LAM`, `MA_CV`) VALUES
	('NV001', 'Dương Thành Trưởng', '1997-12-11', 'Nam', '073742490437', 'Bình Dương', '0976749127', '2023-01-13', 'CV001'),
	('NV002', 'Trương Đức Vương', '1984-10-23', 'Nam', '073742438237', 'Long An', '0976744567', '2022-02-19', 'CV002'),
	('NV003', 'Phạm Nhật Tân', '1985-10-11', 'Nam', '072342456437', 'Hà Nội', '0976747981', '2022-03-28', 'CV002'),
	('NV004', 'Trương Thị Tranh', '1984-08-05', 'Nữ', '07374123437', 'Lâm Đồng', '0912345127', '2022-03-08', 'CV003'),
	('NV005', 'Nguyễn Quốc Duy', '1983-12-12', 'Nam', '073740000437', 'Ninh Thuận', '0974549827', '2023-12-09', 'CV003'),
	('NV006', 'Phan Tuấn Anh', '1985-01-01', 'Nam', '073999490437', 'Bình Dương', '0976788817', '2022-04-27', 'CV003'),
	('NV007', 'Huỳnh Thanh Sang', '1970-12-31', 'Nam', '073712190437', 'Lâm Đồng', '0979812127', '2022-08-14', 'CV003'),
	('NV008', 'Nguyễn Thị Thanh Hà', '1990-02-01', 'Nữ', '073742490012', 'Tây Ninh', '0198743427', '2022-01-06', 'CV003'),
	('NV009', 'Nguyễn Minh Tuấn', '1993-02-06', 'Nam', '073742497734', 'Tp HCM', '0976749909', '2022-11-09', 'CV003'),
	('NV010', 'Phạm Quang Vinh', '1983-04-07', 'Nam', '073787340437', 'Tp HCM', '0976668127', '2022-12-25', 'CV003');

-- Dumping structure for table qlst_mn.nha_cc
CREATE TABLE IF NOT EXISTS `nha_cc` (
  `MA_NCC` varchar(20) CHARACTER SET utf8 COLLATE utf8_general_ci NOT NULL,
  `TEN` varchar(100) CHARACTER SET utf8 COLLATE utf8_general_ci DEFAULT NULL,
  `DIACHI` varchar(100) CHARACTER SET utf8 COLLATE utf8_general_ci DEFAULT NULL,
  `DIENTHOAI` varchar(20) CHARACTER SET utf8 COLLATE utf8_general_ci DEFAULT NULL,
  PRIMARY KEY (`MA_NCC`)
) ENGINE=InnoDB DEFAULT CHARSET=utf8mb4 COLLATE=utf8mb4_unicode_ci;

-- Dumping data for table qlst_mn.nha_cc: ~28 rows (approximately)
INSERT INTO `nha_cc` (`MA_NCC`, `TEN`, `DIACHI`, `DIENTHOAI`) VALUES
	('NCC11101', 'Công ty TNHH Nước Giải Khát Coca-Cola Việt Nam', 'Xa lộ Hà Nội, Phường Linh Trung, Quận Thủ Đức, Thành phố Hồ Chí Minh, Việt Nam', '1900 5555 84'),
	('NCC11102', 'CÔNG TY TNHH NƯỚC GIẢI KHÁT SUNTORY PEPSICO VIỆT NAM', '88 Đồng Khởi - Phường Bến Nghé - Quận 1 - TP. Hồ Chí Minh', '028-38219437'),
	('NCC11103', 'Công ty TNHH MTV TM & DV Quỳnh Anh', '112 Đ. Cao Thắng, Phường 17, Phú Nhuận, Thành phố Hồ Chí Minh', '0902109050'),
	('NCC11104', 'CTY CỔ PHẦN HÀNG TIÊU DÙNG HORECO', 'P. Phú Hữu, Tp Thủ Đức, Hồ Chí Minh, VN', '093 877 73 97'),
	('NCC11105', 'Hóa Mỹ Phẩm VICO - Công Ty TNHH ViCO', 'Số 94 Đường 208, An Đồng, An Dương,Tp. Hải Phòng', '(0225) 3570727'),
	('NCC11106', 'Công ty TNHH MTV TMDV Phân phối hàng tiêu dùng Trường Hưng', 'Tầng 5, Tòa nhà Songdo, 62A Phạm Ngọc Thạch, Phường 6, Quận 3, Thành phố Hồ Chí Minh.', '0916.701.606'),
	('NCC11107', 'CÔNG TY TNHH THƯƠNG MẠI VÀ DỊCH VỤ DOCOMAX', 'Số 9, Đường 59, P. Thảo Điền, Quận 2, Tp. Hồ Chí Minh (TPHCM)', '0938 137 006'),
	('NCC11108', 'CÔNG TY TNHH HÓA CHẤT PHÚC NGUYÊN', '316 Lê Văn Sỹ, Phường 1, Quận Bình Tân, Thành phố Hồ Chí Minh, Việt Nam', '0706 89 68 44'),
	('NCC11109', 'Shop Hoa Tươi ROSE FLOWER - Công Ty Cổ Phần T&C CORP', '65 Lý Thánh Tông, Xã Lộc Ninh, Thành Phố Đồng Hới, Quảng Bình', '0888 224 114'),
	('NCC11110', 'Công Ty TNHH Mosfly Việt Nam Industries (MVI)', '121 Nguyễn Bỉnh Khiêm, P. Đa Kao, Q. 1, Tp. Hồ Chí Minh', '(028) 37269938'),
	('NCC11111', 'Bao Bì Nhựa Tâm Phương Trinh - Công Ty TNHH Tâm Phương Trinh', '47/6B, Đường Số 10, P. Trường Thọ, TP. Thủ Đức, Tp. Hồ Chí Minh', '0972552641'),
	('NCC11112', 'Cung Cấp Rau Sạch - Công Ty TNHH MTV Nông Lâm Sản Thành Nam', '168/42 DX006, KP8, P. Phú Mỹ, Thủ Dầu Một, Bình Dương', '0971001003'),
	('NCC11113', 'Nông Sản Cánh Đồng Xanh - Công Ty TNHH MTV Cánh Đồng Xanh', 'Kiốt Số 2, Chợ Hàng Bông Phú Hòa, P. Phú Hòa, TP. Thủ Dầu Một, Bình Dương', '0899 750 799'),
	('NCC11114', 'Nông Sản Dũng Hà - Công Ty TNHH Nông Sản Dũng Hà', '683 Giải Phóng, P. Giáp Bát, Q. Hoàng Mai, Hà Nội', '1900 986 865'),
	('NCC11115', 'Nhà Phân Phối Thực Phẩm Hàn Quốc - Công Ty TNHH Faso Việt Nam', 'B10 - 11, Lô 20, KĐT Mới Định Công, Q. Hoàng Mai, Hà Nội, Việt Nam', '0977.333.062'),
	('NCC11116', 'Quà Tết Thiên Linh FSC - Công Ty TNHH Thương Mại Và Dịch Vụ Kỹ Thuật Thiên Linh FSC', 'Số 14, Ngõ 183, Đường Hoàng Văn Thái, Q. Thanh Xuân, Hà Nội, Việt Nam', '0967 280 606'),
	('NCC11117', 'Công Ty TNHH Perfetti Van Melle Việt Nam', 'Lô N, Đường Số 26, Khu Công Nghiệp Sóng Thần 2, P. Dĩ An, Bình Dương, Việt Nam', '(0274) 3741000'),
	('NCC11118', 'Bánh Kẹo Nhập Khẩu VIETPOWERLIFE - Công Ty TNHH XNK VIETPOWERLIFE', '240 Lũy Bán Bích, P. Hòa Thạch, Q. Tân Phú, Tp. Hồ Chí Minh (TPHCM), Việt Nam', '(028) 3973 8889'),
	('NCC11119', 'Công ty CP Tiêu dùng Masan', 'Tầng 12, tòa nhà MPlaza Saigon, 39 Lê Duẩn, phường Bến Nghé, quận 1, thành phố Hồ Chí Minh', '028 62 555 660'),
	('NCC11120', 'Thực phẩm giá sỉ Anh Thư', ' Số 14B đường Trung Mỹ Tây 13A, KP5, phường Trung Mỹ Tây, quận 12, thành phố Hồ Chí Minh', '0937 204 206'),
	('NCC11121', 'Công Ty TNHH Conamo Việt Nam', 'Ngách 57, ngõ 241, đường Liên Mạc, phường Liên Mạc, quận Bắc Từ Liêm, Hà Nội', ' 0979 049 780'),
	('NCC11122', 'Công Ty CP XNK A Tuấn Khang', 'Số 144 đường số 1A, phường Bình Trị Đông B, quận Bình Tân, thành phố Hồ Chí Minh', ' 0903 749 848'),
	('NCC11123', 'Công ty gia vị Nam Phương Group', 'Số 124, Lê Lai, phường 3, quận Gò Vấp, thành phố Hồ Chí Minh', '028 3796 3804'),
	('NCC11124', 'GẠO FAS - CÔNG TY TNHH FAS VIỆT NAM', 'Số 18 Ngõ 152, tổ 26 phố Thúy Lĩnh, P. Lĩnh Nam, Q. Hoàng Mai, Hà Nội', '(024) 36757422'),
	('NCC11125', 'Gạo Ngon Nhất - Công Ty TNHH Gạo Ngon Nhất', '11/22 Đường 10, KP. 3, P. Bình Thuận, Q. 7, Tp. Hồ Chí Minh (TPHCM)', '0903 341 322'),
	('NCC11126', 'Gạo Thành Nam - Công Ty TNHH MTV Nông Lâm Sản Thành Nam', '168/42 DX006, KP8, P. Phú Mỹ, Thủ Dầu Một, Bình Dương', '0971001003'),
	('NCC11127', 'CN Công Ty Cổ Phần Lương Thực TP Hồ Chí Minh - Xí nghiệp Lương Thực Sài Gòn Satake', 'Số 176E Nguyễn Hữu Trí, TT. Tân Túc, H. Bình Chánh, Tp. Hồ Chí Minh (TPHCM)', '(028) 37602842'),
	('NCC11128', 'CÔNG TY TNHH THƯƠNG MẠI VÀ DỊCH VỤ DOCOMAX', 'Số 9, Đường 59, P. Thảo Điền, Quận 2, Tp. Hồ Chí Minh (TPHCM)', '0938 137 006');

-- Dumping structure for table qlst_mn.phan_quyen
CREATE TABLE IF NOT EXISTS `phan_quyen` (
  `QUYEN` varchar(20) CHARACTER SET utf8 COLLATE utf8_general_ci NOT NULL,
  `NHAPHANG` int(1) DEFAULT NULL CHECK (`NHAPHANG` = 1 or `NHAPHANG` = 0),
  `QL_SANPHAM` int(1) DEFAULT NULL CHECK (`NHAPHANG` = 1 or `NHAPHANG` = 0),
  `QL_NV` int(1) DEFAULT NULL CHECK (`NHAPHANG` = 1 or `NHAPHANG` = 0),
  `QL_KH` int(1) DEFAULT NULL CHECK (`NHAPHANG` = 1 or `NHAPHANG` = 0),
  `QL_NCC` int(1) DEFAULT NULL CHECK (`NHAPHANG` = 1 or `NHAPHANG` = 0),
  `THONGKE` int(1) DEFAULT NULL CHECK (`NHAPHANG` = 1 or `NHAPHANG` = 0),
  `THEM` int(11) DEFAULT NULL,
  `XOA` int(11) DEFAULT NULL,
  `SUA` int(11) DEFAULT NULL,
  `QL_PHAN_QUYEN` int(11) DEFAULT NULL,
  PRIMARY KEY (`QUYEN`)
) ENGINE=InnoDB DEFAULT CHARSET=utf8mb4 COLLATE=utf8mb4_unicode_ci;

-- Dumping data for table qlst_mn.phan_quyen: ~5 rows (approximately)
INSERT INTO `phan_quyen` (`QUYEN`, `NHAPHANG`, `QL_SANPHAM`, `QL_NV`, `QL_KH`, `QL_NCC`, `THONGKE`, `THEM`, `XOA`, `SUA`, `QL_PHAN_QUYEN`) VALUES
	('abc', 0, 0, 1, 0, 0, 0, 0, 0, 0, 1),
	('Admin', 1, 1, 1, 1, 1, 1, 1, 1, 1, 1),
	('Default', 0, 0, 0, 0, 0, 0, 0, 0, 0, 0),
	('Nhân viên', 1, 1, 0, 1, 0, 0, 0, 0, 0, 0),
	('Quản lý', 1, 1, 1, 1, 1, 1, 1, 1, 1, 0);

-- Dumping structure for table qlst_mn.phieu_kiem_ke
CREATE TABLE IF NOT EXISTS `phieu_kiem_ke` (
  `MA_PKK` varchar(20) CHARACTER SET utf8 COLLATE utf8_general_ci NOT NULL,
  `MA_NV` varchar(20) CHARACTER SET utf8 COLLATE utf8_general_ci DEFAULT NULL,
  `THOI_DIEM_LAP` date DEFAULT NULL,
  PRIMARY KEY (`MA_PKK`),
  KEY `MA_NV` (`MA_NV`),
  CONSTRAINT `phieu_kiem_ke_ibfk_1` FOREIGN KEY (`MA_NV`) REFERENCES `nhan_vien` (`MA_NV`)
) ENGINE=InnoDB DEFAULT CHARSET=utf8mb4 COLLATE=utf8mb4_unicode_ci;

-- Dumping data for table qlst_mn.phieu_kiem_ke: ~8 rows (approximately)
INSERT INTO `phieu_kiem_ke` (`MA_PKK`, `MA_NV`, `THOI_DIEM_LAP`) VALUES
	('KK1', 'NV001', '2023-04-17'),
	('KK2', 'NV002', '2023-04-24'),
	('KK3', 'NV002', '2023-04-25'),
	('KK4', 'NV002', '2023-04-28'),
	('KK5', 'NV001', '2023-04-28'),
	('KK6', 'NV001', '2023-05-02'),
	('KK7', 'NV001', '2023-05-03'),
	('KK8', 'NV001', '2023-05-03');

-- Dumping structure for table qlst_mn.phieu_kiem_ke_ct
CREATE TABLE IF NOT EXISTS `phieu_kiem_ke_ct` (
  `MA_PKK` varchar(20) CHARACTER SET utf8 COLLATE utf8_general_ci NOT NULL,
  `MA_MH` varchar(20) CHARACTER SET utf8 COLLATE utf8_general_ci NOT NULL,
  `SL_TON_QUAY` int(11) DEFAULT NULL,
  PRIMARY KEY (`MA_PKK`,`MA_MH`),
  KEY `MA_MH` (`MA_MH`),
  CONSTRAINT `phieu_kiem_ke_ct_ibfk_1` FOREIGN KEY (`MA_PKK`) REFERENCES `phieu_kiem_ke` (`MA_PKK`),
  CONSTRAINT `phieu_kiem_ke_ct_ibfk_2` FOREIGN KEY (`MA_MH`) REFERENCES `mat_hang` (`MA_MH`)
) ENGINE=InnoDB DEFAULT CHARSET=utf8mb4 COLLATE=utf8mb4_unicode_ci;

-- Dumping data for table qlst_mn.phieu_kiem_ke_ct: ~416 rows (approximately)
INSERT INTO `phieu_kiem_ke_ct` (`MA_PKK`, `MA_MH`, `SL_TON_QUAY`) VALUES
	('KK2', '0011', 12),
	('KK2', '0012', 400),
	('KK2', '0013', 360),
	('KK2', '0014', 169),
	('KK2', '0015', 39),
	('KK2', '0016', 200),
	('KK2', '0017', 300),
	('KK2', '0018', 450),
	('KK2', '0020', 27),
	('KK2', '0021', 10),
	('KK2', '0022', 20),
	('KK2', '0023', 54),
	('KK2', '0024', 14),
	('KK2', '0025', 8),
	('KK2', '0026', 4),
	('KK2', '0027', 10),
	('KK2', '0028', 30),
	('KK2', '0029', 20),
	('KK2', '0030', 30),
	('KK2', '0031', 20),
	('KK2', '0032', 10),
	('KK2', '0033', 15),
	('KK2', '0034', 10),
	('KK2', '0035', 20),
	('KK2', '0036', 30),
	('KK2', '0037', 50),
	('KK2', '0038', 20),
	('KK2', '0039', 20),
	('KK2', '0041', 10),
	('KK2', '00410', 10),
	('KK2', '0042', 30),
	('KK2', '0043', 15),
	('KK2', '0044', 20),
	('KK2', '0045', 20),
	('KK2', '0046', 20),
	('KK2', '0047', 38),
	('KK2', '0048', 30),
	('KK2', '0049', 10),
	('KK2', '0050', 40),
	('KK2', '0051', 49),
	('KK2', '0052', 38),
	('KK2', '0053', 46),
	('KK2', '0054', 54),
	('KK2', '0055', 27),
	('KK2', '0061', 136),
	('KK2', '0062', 165),
	('KK2', '0063', 139),
	('KK2', '0064', 153),
	('KK2', '0065', 106),
	('KK2', '0066', 70),
	('KK2', '0067', 48),
	('KK2', '0068', 48),
	('KK2', '0069', 48),
	('KK2', '0070', 200),
	('KK2', '0071', 400),
	('KK2', '0072', 360),
	('KK2', '0073', 170),
	('KK2', '0074', 40),
	('KK2', '0075', 200),
	('KK2', '0076', 300),
	('KK2', '0077', 450),
	('KK2', '0078', 230),
	('KK2', '0079', 170),
	('KK2', '0081', 377),
	('KK2', '0082', 466),
	('KK2', '0083', 227),
	('KK2', '0084', 268),
	('KK2', '0085', 222),
	('KK2', '0086', 222),
	('KK3', '0011', 12),
	('KK3', '0012', 400),
	('KK3', '0013', 360),
	('KK3', '0014', 169),
	('KK3', '0015', 39),
	('KK3', '0016', 200),
	('KK3', '0017', 300),
	('KK3', '0018', 450),
	('KK3', '0020', 27),
	('KK3', '0021', 10),
	('KK3', '0022', 20),
	('KK3', '0023', 54),
	('KK3', '0024', 14),
	('KK3', '0025', 8),
	('KK3', '0026', 4),
	('KK3', '0027', 10),
	('KK3', '0028', 30),
	('KK3', '0029', 20),
	('KK3', '0030', 30),
	('KK3', '0031', 20),
	('KK3', '0032', 10),
	('KK3', '0033', 15),
	('KK3', '0034', 10),
	('KK3', '0035', 20),
	('KK3', '0036', 30),
	('KK3', '0037', 50),
	('KK3', '0038', 20),
	('KK3', '0039', 20),
	('KK3', '0041', 10),
	('KK3', '00410', 10),
	('KK3', '0042', 30),
	('KK3', '0043', 15),
	('KK3', '0044', 20),
	('KK3', '0045', 20),
	('KK3', '0046', 20),
	('KK3', '0047', 38),
	('KK3', '0048', 30),
	('KK3', '0049', 10),
	('KK3', '0050', 40),
	('KK3', '0051', 49),
	('KK3', '0052', 38),
	('KK3', '0053', 46),
	('KK3', '0054', 54),
	('KK3', '0055', 27),
	('KK3', '0061', 136),
	('KK3', '0062', 165),
	('KK3', '0063', 139),
	('KK3', '0064', 153),
	('KK3', '0065', 106),
	('KK3', '0066', 70),
	('KK3', '0067', 48),
	('KK3', '0068', 48),
	('KK3', '0069', 48),
	('KK3', '0070', 200),
	('KK3', '0071', 400),
	('KK3', '0072', 360),
	('KK3', '0073', 170),
	('KK3', '0074', 40),
	('KK3', '0075', 200),
	('KK3', '0076', 300),
	('KK3', '0077', 450),
	('KK3', '0078', 230),
	('KK3', '0079', 170),
	('KK3', '0081', 377),
	('KK3', '0082', 466),
	('KK3', '0083', 227),
	('KK3', '0084', 268),
	('KK3', '0085', 222),
	('KK3', '0086', 222),
	('KK4', '0011', 2),
	('KK4', '0012', 400),
	('KK4', '0013', 360),
	('KK4', '0014', 169),
	('KK4', '0015', 39),
	('KK4', '0016', 200),
	('KK4', '0017', 300),
	('KK4', '0018', 450),
	('KK4', '0020', 27),
	('KK4', '0021', 10),
	('KK4', '0022', 20),
	('KK4', '0023', 54),
	('KK4', '0024', 14),
	('KK4', '0025', 8),
	('KK4', '0026', 4),
	('KK4', '0027', 10),
	('KK4', '0028', 30),
	('KK4', '0029', 20),
	('KK4', '0030', 30),
	('KK4', '0031', 20),
	('KK4', '0032', 10),
	('KK4', '0033', 15),
	('KK4', '0034', 10),
	('KK4', '0035', 20),
	('KK4', '0036', 30),
	('KK4', '0037', 50),
	('KK4', '0038', 20),
	('KK4', '0039', 20),
	('KK4', '0041', 10),
	('KK4', '00410', 10),
	('KK4', '0042', 30),
	('KK4', '0043', 15),
	('KK4', '0044', 20),
	('KK4', '0045', 20),
	('KK4', '0046', 20),
	('KK4', '0047', 38),
	('KK4', '0048', 30),
	('KK4', '0049', 10),
	('KK4', '0050', 40),
	('KK4', '0051', 49),
	('KK4', '0052', 38),
	('KK4', '0053', 46),
	('KK4', '0054', 54),
	('KK4', '0055', 27),
	('KK4', '0061', 136),
	('KK4', '0062', 165),
	('KK4', '0063', 139),
	('KK4', '0064', 153),
	('KK4', '0065', 106),
	('KK4', '0066', 70),
	('KK4', '0067', 48),
	('KK4', '0068', 48),
	('KK4', '0069', 48),
	('KK4', '0070', 200),
	('KK4', '0071', 400),
	('KK4', '0072', 360),
	('KK4', '0073', 170),
	('KK4', '0074', 40),
	('KK4', '0075', 200),
	('KK4', '0076', 300),
	('KK4', '0077', 450),
	('KK4', '0078', 230),
	('KK4', '0079', 170),
	('KK4', '0081', 377),
	('KK4', '0082', 466),
	('KK4', '0083', 227),
	('KK4', '0084', 268),
	('KK4', '0085', 222),
	('KK4', '0086', 222),
	('KK5', '0011', 2),
	('KK5', '0012', 363),
	('KK5', '0013', 360),
	('KK5', '0014', 169),
	('KK5', '0015', 39),
	('KK5', '0016', 200),
	('KK5', '0017', 300),
	('KK5', '0018', 450),
	('KK5', '0020', 27),
	('KK5', '0021', 10),
	('KK5', '0022', 20),
	('KK5', '0023', 54),
	('KK5', '0024', 14),
	('KK5', '0025', 8),
	('KK5', '0026', 4),
	('KK5', '0027', 10),
	('KK5', '0028', 30),
	('KK5', '0029', 20),
	('KK5', '0030', 30),
	('KK5', '0031', 20),
	('KK5', '0032', 10),
	('KK5', '0033', 15),
	('KK5', '0034', 10),
	('KK5', '0035', 20),
	('KK5', '0036', 30),
	('KK5', '0037', 50),
	('KK5', '0038', 20),
	('KK5', '0039', 20),
	('KK5', '0041', 10),
	('KK5', '00410', 10),
	('KK5', '0042', 30),
	('KK5', '0043', 15),
	('KK5', '0044', 20),
	('KK5', '0045', 20),
	('KK5', '0046', 20),
	('KK5', '0047', 38),
	('KK5', '0048', 30),
	('KK5', '0049', 10),
	('KK5', '0050', 40),
	('KK5', '0051', 49),
	('KK5', '0052', 38),
	('KK5', '0053', 46),
	('KK5', '0054', 54),
	('KK5', '0055', 27),
	('KK5', '0061', 136),
	('KK5', '0062', 165),
	('KK5', '0063', 139),
	('KK5', '0064', 153),
	('KK5', '0065', 106),
	('KK5', '0066', 70),
	('KK5', '0067', 48),
	('KK5', '0068', 48),
	('KK5', '0069', 48),
	('KK5', '0070', 200),
	('KK5', '0071', 400),
	('KK5', '0072', 360),
	('KK5', '0073', 170),
	('KK5', '0074', 40),
	('KK5', '0075', 200),
	('KK5', '0076', 300),
	('KK5', '0077', 450),
	('KK5', '0078', 230),
	('KK5', '0079', 170),
	('KK5', '0081', 377),
	('KK5', '0082', 466),
	('KK5', '0083', 227),
	('KK5', '0084', 268),
	('KK5', '0085', 222),
	('KK5', '0086', 222),
	('KK6', '0011', 2),
	('KK6', '0012', 359),
	('KK6', '0013', 343),
	('KK6', '0014', 122),
	('KK6', '0015', 34),
	('KK6', '0016', 199),
	('KK6', '0017', 300),
	('KK6', '0018', 440),
	('KK6', '0020', 27),
	('KK6', '0021', 10),
	('KK6', '0022', 20),
	('KK6', '0023', 54),
	('KK6', '0024', 14),
	('KK6', '0025', 8),
	('KK6', '0026', 4),
	('KK6', '0027', 10),
	('KK6', '0028', 24),
	('KK6', '0029', 20),
	('KK6', '0030', 29),
	('KK6', '0031', 20),
	('KK6', '0032', 10),
	('KK6', '0033', 15),
	('KK6', '0034', 10),
	('KK6', '0035', 20),
	('KK6', '0036', 30),
	('KK6', '0037', 45),
	('KK6', '0038', 20),
	('KK6', '0039', 20),
	('KK6', '0041', 9),
	('KK6', '00410', 9),
	('KK6', '0042', 30),
	('KK6', '0043', 14),
	('KK6', '0044', 20),
	('KK6', '0045', 20),
	('KK6', '0046', 19),
	('KK6', '0047', 38),
	('KK6', '0048', 30),
	('KK6', '0049', 10),
	('KK6', '0050', 39),
	('KK6', '0051', 48),
	('KK6', '0052', 38),
	('KK6', '0053', 42),
	('KK6', '0054', 54),
	('KK6', '0055', 25),
	('KK6', '0061', 136),
	('KK6', '0062', 165),
	('KK6', '0063', 139),
	('KK6', '0064', 152),
	('KK6', '0065', 106),
	('KK6', '0066', 70),
	('KK6', '0067', 48),
	('KK6', '0068', 48),
	('KK6', '0069', 48),
	('KK6', '0070', 200),
	('KK6', '0071', 395),
	('KK6', '0072', 359),
	('KK6', '0073', 170),
	('KK6', '0074', 40),
	('KK6', '0075', 199),
	('KK6', '0076', 300),
	('KK6', '0077', 450),
	('KK6', '0078', 230),
	('KK6', '0079', 170),
	('KK6', '0081', 373),
	('KK6', '0082', 466),
	('KK6', '0083', 221),
	('KK6', '0084', 268),
	('KK6', '0085', 222),
	('KK6', '0086', 222),
	('KK7', '0041', 9),
	('KK7', '0042', 30),
	('KK8', '0011', 2),
	('KK8', '0012', 345),
	('KK8', '0013', 343),
	('KK8', '0014', 122),
	('KK8', '0015', 34),
	('KK8', '0016', 199),
	('KK8', '0017', 300),
	('KK8', '0018', 440),
	('KK8', '0020', 27),
	('KK8', '0021', 10),
	('KK8', '0022', 20),
	('KK8', '0023', 54),
	('KK8', '0024', 14),
	('KK8', '0025', 8),
	('KK8', '0026', 4),
	('KK8', '0027', 10),
	('KK8', '0028', 24),
	('KK8', '0029', 20),
	('KK8', '0030', 29),
	('KK8', '0031', 20),
	('KK8', '0032', 10),
	('KK8', '0033', 15),
	('KK8', '0034', 10),
	('KK8', '0035', 20),
	('KK8', '0036', 30),
	('KK8', '0037', 45),
	('KK8', '0038', 20),
	('KK8', '0039', 20),
	('KK8', '0041', 9),
	('KK8', '00410', 9),
	('KK8', '0042', 30),
	('KK8', '0043', 14),
	('KK8', '0044', 20),
	('KK8', '0045', 20),
	('KK8', '0046', 19),
	('KK8', '0047', 38),
	('KK8', '0048', 30),
	('KK8', '0049', 10),
	('KK8', '0050', 39),
	('KK8', '0051', 48),
	('KK8', '0052', 38),
	('KK8', '0053', 42),
	('KK8', '0054', 54),
	('KK8', '0055', 25),
	('KK8', '0061', 136),
	('KK8', '0062', 165),
	('KK8', '0063', 139),
	('KK8', '0064', 152),
	('KK8', '0065', 106),
	('KK8', '0066', 70),
	('KK8', '0067', 48),
	('KK8', '0068', 48),
	('KK8', '0069', 48),
	('KK8', '0070', 200),
	('KK8', '0071', 395),
	('KK8', '0072', 359),
	('KK8', '0073', 170),
	('KK8', '0074', 40),
	('KK8', '0075', 199),
	('KK8', '0076', 300),
	('KK8', '0077', 450),
	('KK8', '0078', 230),
	('KK8', '0079', 170),
	('KK8', '0081', 373),
	('KK8', '0082', 466),
	('KK8', '0083', 221),
	('KK8', '0084', 268),
	('KK8', '0085', 222),
	('KK8', '0086', 222);

-- Dumping structure for table qlst_mn.phieu_nhap
CREATE TABLE IF NOT EXISTS `phieu_nhap` (
  `MA_PN` varchar(20) CHARACTER SET utf8 COLLATE utf8_general_ci NOT NULL,
  `MA_NV` varchar(20) CHARACTER SET utf8 COLLATE utf8_general_ci DEFAULT NULL,
  `THOI_DIEM_LAP` date DEFAULT NULL,
  PRIMARY KEY (`MA_PN`),
  KEY `MA_NV` (`MA_NV`),
  CONSTRAINT `phieu_nhap_ibfk_1` FOREIGN KEY (`MA_NV`) REFERENCES `nhan_vien` (`MA_NV`)
) ENGINE=InnoDB DEFAULT CHARSET=utf8mb4 COLLATE=utf8mb4_unicode_ci;

-- Dumping data for table qlst_mn.phieu_nhap: ~3 rows (approximately)
INSERT INTO `phieu_nhap` (`MA_PN`, `MA_NV`, `THOI_DIEM_LAP`) VALUES
	('PN1', 'NV002', '2023-04-17'),
	('PN2', 'NV001', '2023-05-12'),
	('PN3', 'NV001', '2023-05-12'),
	('PN4', 'NV001', '2023-05-14'),
	('PN5', 'NV001', '2023-05-15');

-- Dumping structure for table qlst_mn.phieu_nhap_ct
CREATE TABLE IF NOT EXISTS `phieu_nhap_ct` (
  `MA_PN` varchar(20) CHARACTER SET utf8 COLLATE utf8_general_ci NOT NULL,
  `MA_MH` varchar(20) CHARACTER SET utf8 COLLATE utf8_general_ci NOT NULL,
  `MA_NCC` varchar(20) CHARACTER SET utf8 COLLATE utf8_general_ci DEFAULT NULL,
  `SO_LUONG` int(11) DEFAULT NULL,
  PRIMARY KEY (`MA_PN`,`MA_MH`),
  KEY `MA_MH` (`MA_MH`),
  KEY `MA_NCC` (`MA_NCC`),
  CONSTRAINT `phieu_nhap_ct_ibfk_1` FOREIGN KEY (`MA_PN`) REFERENCES `phieu_nhap` (`MA_PN`),
  CONSTRAINT `phieu_nhap_ct_ibfk_2` FOREIGN KEY (`MA_MH`) REFERENCES `mat_hang` (`MA_MH`),
  CONSTRAINT `phieu_nhap_ct_ibfk_3` FOREIGN KEY (`MA_NCC`) REFERENCES `nha_cc` (`MA_NCC`)
) ENGINE=InnoDB DEFAULT CHARSET=utf8mb4 COLLATE=utf8mb4_unicode_ci;

-- Dumping data for table qlst_mn.phieu_nhap_ct: ~8 rows (approximately)
INSERT INTO `phieu_nhap_ct` (`MA_PN`, `MA_MH`, `MA_NCC`, `SO_LUONG`) VALUES
	('PN2', '0012', 'NCC11101', 1),
	('PN2', '0015', 'NCC11101', 1),
	('PN2', '0016', 'NCC11101', 1),
	('PN3', '0011', 'NCC11104', 100),
	('PN4', '0011', 'NCC11102', 100),
	('PN4', '0012', 'NCC11102', 12),
	('PN4', '0017', 'NCC11102', 1),
	('PN4', '00411', 'NCC11102', 100),
	('PN5', '0011', 'NCC11103', 100);

-- Dumping structure for table qlst_mn.phieu_xuat
CREATE TABLE IF NOT EXISTS `phieu_xuat` (
  `MA_PX` varchar(20) CHARACTER SET utf8 COLLATE utf8_general_ci NOT NULL,
  `MA_NV` varchar(20) CHARACTER SET utf8 COLLATE utf8_general_ci DEFAULT NULL,
  `THOI_DIEM_LAP` date DEFAULT NULL,
  PRIMARY KEY (`MA_PX`),
  KEY `MA_NV` (`MA_NV`),
  CONSTRAINT `phieu_xuat_ibfk_1` FOREIGN KEY (`MA_NV`) REFERENCES `nhan_vien` (`MA_NV`)
) ENGINE=InnoDB DEFAULT CHARSET=utf8mb4 COLLATE=utf8mb4_unicode_ci;

-- Dumping data for table qlst_mn.phieu_xuat: ~1 rows (approximately)
INSERT INTO `phieu_xuat` (`MA_PX`, `MA_NV`, `THOI_DIEM_LAP`) VALUES
	('PX1', 'NV001', '2023-04-18');

-- Dumping structure for table qlst_mn.phieu_xuat_ct
CREATE TABLE IF NOT EXISTS `phieu_xuat_ct` (
  `MA_PX` varchar(20) CHARACTER SET utf8 COLLATE utf8_general_ci NOT NULL,
  `MA_MH` varchar(20) CHARACTER SET utf8 COLLATE utf8_general_ci NOT NULL,
  `SO_LUONG` int(11) DEFAULT NULL,
  PRIMARY KEY (`MA_PX`,`MA_MH`),
  KEY `MA_MH` (`MA_MH`),
  CONSTRAINT `phieu_xuat_ct_ibfk_1` FOREIGN KEY (`MA_PX`) REFERENCES `phieu_xuat` (`MA_PX`),
  CONSTRAINT `phieu_xuat_ct_ibfk_2` FOREIGN KEY (`MA_MH`) REFERENCES `mat_hang` (`MA_MH`)
) ENGINE=InnoDB DEFAULT CHARSET=utf8mb4 COLLATE=utf8mb4_unicode_ci;

-- Dumping data for table qlst_mn.phieu_xuat_ct: ~0 rows (approximately)

-- Dumping structure for table qlst_mn.tai_khoan
CREATE TABLE IF NOT EXISTS `tai_khoan` (
  `MA_NV` varchar(20) CHARACTER SET utf8 COLLATE utf8_general_ci NOT NULL,
  `TEN_DN` varchar(20) CHARACTER SET utf8 COLLATE utf8_general_ci NOT NULL,
  `MAT_KHAU` varchar(20) CHARACTER SET utf8 COLLATE utf8_general_ci DEFAULT NULL,
  `QUYEN` varchar(20) CHARACTER SET utf8 COLLATE utf8_general_ci DEFAULT NULL,
  `TRANG_THAI` int(11) DEFAULT NULL,
  `ANH_DAI_DIEN` varchar(300) DEFAULT NULL,
  PRIMARY KEY (`MA_NV`),
  KEY `QUYEN` (`QUYEN`),
  CONSTRAINT `tai_khoan_ibfk_1` FOREIGN KEY (`MA_NV`) REFERENCES `nhan_vien` (`MA_NV`),
  CONSTRAINT `tai_khoan_ibfk_2` FOREIGN KEY (`QUYEN`) REFERENCES `phan_quyen` (`QUYEN`)
) ENGINE=InnoDB DEFAULT CHARSET=utf8mb4 COLLATE=utf8mb4_unicode_ci;

-- Dumping data for table qlst_mn.tai_khoan: ~5 rows (approximately)
INSERT INTO `tai_khoan` (`MA_NV`, `TEN_DN`, `MAT_KHAU`, `QUYEN`, `TRANG_THAI`, `ANH_DAI_DIEN`) VALUES
	('NV001', 'admin', '123456', 'Admin', 1, './src/IMG/admin.png'),
	('NV002', 'ql01', '123456', 'Quản lý', 0, './src/IMG/default1.jpg'),
	('NV003', 'ql02', '123456', 'Quản lý', 1, './src/IMG/nhanVien1.png'),
	('NV004', 'nv01', '123456', 'Nhân viên', 1, './src/IMG/quanLy1.png'),
	('NV005', 'nv02', '1234567', 'Nhân viên', 1, './src/IMG/quanLy1.png');

-- Dumping structure for table qlst_mn.tham_so
CREATE TABLE IF NOT EXISTS `tham_so` (
  `TEN` varchar(100) CHARACTER SET utf8 COLLATE utf8_general_ci NOT NULL,
  `GIATRI` varchar(100) CHARACTER SET utf8 COLLATE utf8_general_ci DEFAULT NULL,
  PRIMARY KEY (`TEN`)
) ENGINE=InnoDB DEFAULT CHARSET=utf8mb4 COLLATE=utf8mb4_unicode_ci;

-- Dumping data for table qlst_mn.tham_so: ~0 rows (approximately)

/*!40103 SET TIME_ZONE=IFNULL(@OLD_TIME_ZONE, 'system') */;
/*!40101 SET SQL_MODE=IFNULL(@OLD_SQL_MODE, '') */;
/*!40014 SET FOREIGN_KEY_CHECKS=IFNULL(@OLD_FOREIGN_KEY_CHECKS, 1) */;
/*!40101 SET CHARACTER_SET_CLIENT=@OLD_CHARACTER_SET_CLIENT */;
/*!40111 SET SQL_NOTES=IFNULL(@OLD_SQL_NOTES, 1) */;
